image_name|comment_number|comment|corrected_comment
8018752014.jpg|0|An older food vendor , in a white embroidered shirt , maroon vest and checked apron , is sitting , leaning forward , with her elbows on her knees and her hands clasped , behind her foodstuffs .|
8018915471.jpg|0|Three individuals are riding bikes down a steep slope in what seems to be a race .|
8019420543.jpg|0|A defensive football player from Wisconsin almost sacking the UTEP quarterback before he got rid of the ball .|
8022825509.jpg|0|A woman in black athletic gear and a blue helmet tries to move past another woman in similar gear and a black helmet with a referee on each side of them|
8025522249.jpg|0|One man playing a trumpet , another playing a saxophone , and a third man playing the keyboard at a performance .|
8025717431.jpg|0|A youth soccer game , with one girl primarily in black and the other in yellow , is contested on a grass field .|
802594049.jpg|0|A man with a beard and a navy blue backwards baseball cap stares intently at something in the distance .|
80282277.jpg|0|A young female dancer , wearing a pink top and pants , with her hair pulled behind her in a long ponytail , executes a step with one raised leg bent at the knee , and both arms extended and bent at the wrist , while two young people sit on folding chairs and watch .|
8029536.jpg|0|baby wearing blue and red suit kneeling next to vending machine|
8030378528.jpg|0|Several men on bicycles pass a group of spectators , many of which are cheering for Great Britain .|
803175693.jpg|0|Six skimpily dressed cheerleaders with pompoms are standing at the game field sidelines during an outside event .|
8033603923.jpg|0|A blond woman watches a woman in wearing a pink flowery top holding her hand up as they both stand behind a bar .|Шаргал үстэй эмэгтэй хүн хоёулаа баарны ард зогсож байхдаа гараа дээшлүүлж буй ягаан өнгийн дугуй өмсдөг эмэгтэй хүнийг хардаг.
8034136985.jpg|0|A golfer is holding his backstroke pose during a tournament while being watched by hundreds of onlookers .|
8034139464.jpg|0|A man in an orange shirt is raising his golf club on a grassy course while five other men look on .|Улбар шар өнгийн цамц өмссөн эр Гольфын клубийг зүлгэн дээр тавьжээ.
8034142456.jpg|0|A golfer , wearing a white shirt , hat , and khaki pants , is celebrating a job well done by holding his hands and club in the air .|
8036413429.jpg|0|Two males , sweaty and smiling , running during a game , one male has brown hair and a blue uniform with a sleeve tattoo on his arms , and is holding up his right index finger .|Тоглоомын үеэр хоёр эрэгтэй, хөлөрсөн, инээмсэглэл, инээмсэглэл, гар гараараа ханцуйны үстэй, цэнхэр өнгийн жигнэмэг, цэнхэр өнгийн жигнэмэг, баруун долоовор хуруугаа барьж байна.
8036608675.jpg|0|A runner in blue has the lead in the inside lane , while two runners in green and orange trail from the outside .|
8036955015.jpg|0|A man wearing a white helmet is driving a four wheeled motorcycle in a dirt field .|Цагаан дуулга өмссөн хүн шороон талбайд дөрвөн дугуйтай мотоцикль жолоодож байна.
8037906430.jpg|0|Many hockey players are bunched up around the goal , the goalie is in a crouched position and one player wearing a red and white jersey appears to be celebrating .|
8038092309.jpg|0|Two baseball players in a stadium during broad daylight are both after the same baseball in the outfield .|Өргөн өдрийн гэрэлд гарал үүслийн хоёр бейсбол тоглогчид гадаа ижил бейсбол дээр байрлуулсны дараа хоёулаа хоёулаа ижил бейсбол юм.
8038836818.jpg|0|bicycle race on a small street that curves right between very tall green trees with a lot of people watching from the sidelines holding flags|
8038838476.jpg|0|A cyclist in a blue jersey is being cheered by a crowd laced with French flags as he pedals away from other riders .|Цэнхэр өмсгөлтэй дугуйчин нь бусад морьтоноос холдсныг франц хэл дээр байрлуулсан олон хүн франц тугуудтай хамт олон хүн цугларч байна.
8038855203.jpg|0|An asian table tennis player is eagerly watching and waiting for his opponent serves the ball .|
8039814484.jpg|0|Four men are sitting in front of two large windows ; one man is playing a guitar , one is playing the bongo drums , and two are sitting back without instruments .|Дөрвөн том цонхны өмнө сууж байна;Нэг хүн гитар тоглож байна, нэг нь Бонго бөмбөр тоглож байна, хоёр нь багаж хэрэгсэлгүйгээр буцаж сууж байна.
804087017.jpg|0|Two men sitting on a bench on a street next to two women doing the same .|
8040947572.jpg|0|A football player in a red and black uniform bearing the number 3 and a black helmet is carrying the ball and is surrounded by opposing players wearing white and purple Pikesville uniforms .|Улаан, хар дүрэмт хувцастай хөлбөмбөгчин нь 3-р дугаар, хар дуулга бүхий хөлбөмбөгчин тоглогч бөмбөгийг авч явдаг бөгөөд цагаан, ягаан өнгийн пикезвилл өмссөн тоглогчдыг эсэргүүцэж байна.
8041003011.jpg|0|Cyclists are racing ; the leader is wearing red , has a red bike , and sports red sunglasses .|
8041006083.jpg|0|Stop motion photography clearly catches the image of a woman in full cycling gear competing in a bicycling day event .|Хөдөлгөөнийг зогсоох гэрэл зургийн зураг нь дугуй унадаг дугуйн хоолонд бүрэн унадаг дугуйн араа барьж чаддаг.
8042217958.jpg|0|A woman watching six televisions , while sitting on a hardwood floor in a beautiful room made of bricks with large windows , while a dark-haired man leaning on a windowsill is watching her .|
8042519106.jpg|0|A football coach talking to a young football player while the other players stand off in the background .|Бусад тоглогчид арын дэвсгэр дээр зогсож байхдаа хөл бөмбөгийн дасгалжуулагчтай ярилцаж байна.
8042519212.jpg|0|It 's football practice as a small group of players take a stance on the field watched by four onlookers on the sidelines .|Энэ нь цөөн тооны тоглогчийн хувьд хөлбөмбөгийн дадал бол талбай дээр байрладаг талбайд байрлах талбайд байр сууриа хардаг.
8042603870.jpg|0|Rock climber scaling a straight up and down rock with crack in middle .|
8043180155.jpg|0|A young girl walks down the streets of a relatively low income neighborhood while others are doing their business in the background .|Залуу охин харьцангуй бага орлогын гудамжаар алхаж байхдаа бусад хүмүүс өөрсдийн бизнес эрхэлдэг.
8045061561.jpg|0|Female athlete for the bulls is holding what looks to be a hockey stick , with rocks and trees in the back .|Буллегийн эмэгтэй тамирчинд зориулсан эмэгтэй тамирчин нь хоккейн саваа байх нь хоккейн саваа, нуруун дээр нь чулуу, модтой юу болохыг харуулж байна.
8046655694.jpg|0|A small child being held by a woman , holding on to her shirt .|
80474519.jpg|0|An older woman dressed in pink with a black fanny pack is outside with some trees and an interesting architectural design next to her .|Хөгшин эмэгтэй ягаан өнгийн хувцас өмссөн ягаан өнгийн савантай, хар арьстнууд нь зарим мод, түүний хажууд архитектурын дизайнтай.
8047664455.jpg|0|Two football teams are in the middle of a play as white jerseys and the opposing green jerseys are in all positions of motion while scrambling for the football .|Хоёр хөлбөмбөгийн баг нь цагаан өмсгөл, эсрэгээр нь цасан өмсгөл, эсрэг ногоон өмсгөл бол хөлбөмбөгийн хувьд
80479586.jpg|0|A man in a suit with his arm in a blue sling is walking down the sidewalk in front of a pink building while two women are standing there together .|Цэнхэр чавгатай хамт костюмтай хамт нэг эр хүн хоёр эмэгтэй хамтдаа зогсож байхдаа явган хүний урд явган хүний зам дээр алхаж байна.
8048055083.jpg|0|A group of men dressed in red uniforms play drums while the man in front holds up his hand and holds a scepter in the other hand .|Улаан дүрэмт хувцас өмссөн эрчүүдэд хувцас өмссөн эрчүүд бөмбөр тоглодог.
8049107365.jpg|0|Monster truck flies over grassy knolls on a sunny afternoon .|
8051568083.jpg|0|A young man wears a helmet and protective clothing as he races his dirt bike through a muddy track .|
8052328504.jpg|0|A football player holding a football rolling on the field with three other football players watching him .|
8052380671.jpg|0|It 's raining during a football game outside- number 94 in a dark jersey is trying to take down an opponent who is wearing a white jersey .|
8052387530.jpg|0|Four football players in black are tackling the opposing team 's player , shown in white , while it is raining .|
8052391339.jpg|0|A dogpile of football players dressed in blue and red with one player in blue trying to jump over the dogpile .|
8052397902.jpg|0|Young defensive football players executing a tackle on a member of the opposite team during a football game .|
8052575239.jpg|0|Hundreds of people are watching a soccer game between a team wearing green jerseys and a team wearing blue jerseys .|
8053033868.jpg|0|One soccer team , wearing red shirts , and one wearing black shirts appear on the field in a crowded stadium .|
805682444.jpg|0|Two nearly identical dogs try to paw a ball out of muddy water .|
8057415401.jpg|0|Two elderly gentleman , one in a red plaid shirt and the other in a gray shirt , playing checkers on a granite table .|
8058635660.jpg|0|A person of indeterminate sex wearing a dark hat , neutral pants , and a red shirt walking up a rocky slope at high altitude in the daytime .|
8060043940.jpg|0|Several men are on a soccer field passing a ball to one another during a soccer game where there are several attendees watching .|
8060276063.jpg|0|Several soccer players are in a stadium playing soccer while a large audience watches them .|
8063007.jpg|0|A blond girl and a bald man with his arms crossed are standing inside looking at each other .|
8063022480.jpg|0|A boy on a mountain bike is performing on a dirt track before spectators under a tent .|
8063802042.jpg|0|A bicyclist performs a stunt on a ramp , going into the air while twisting .|
8063954905.jpg|0|A young girl in a traditional white karate uniform demonstrates her skill .|
8064150004.jpg|0|A kid on a mountain bike performing a trick high above the ground in a wooded setting .|
8064982845.jpg|0|A man surfs on a medium sized wave while holding a paddle that seems to steer him in the direction he wants to go .|
8065680234.jpg|0|A train approaches a stop at an indoor station as several people walk and sit inside the building .|
8066184290.jpg|0|An extremely skilled man surfing a gigantic wave in the ocean .|
8066894280.jpg|0|There are children and adults from an Asian culture , and two of the adults are wearing clown noses and are standing on either side of a young boy , while one of the adults has a pink tube in his hand and is pointing at the pink tube in the young man 's hand .|
8067051359.jpg|0|A marathon biker with the number 701 smiles while standing and holding his bike up .|
8067143747.jpg|0|Two men are watching a cyclist , adorn in orange and black , cycling uphill in dirt on a tree lined hill , in what could be a competition .|
8067655952.jpg|0|Two women in colorful swimming suits are leaping above a pool while two other women in the pool watch .|
8067804631.jpg|0|A middle-aged woman in a burgundy dress with short black hair stands at a music stand as two people in the back are blurred while holding hands while leaning back .|
8067811449.jpg|0|Six musicians - four violinists , a cellist , and a drummer , play on stage for an audience .|
8068863852.jpg|0|A bicyclist in a marathon is having trouble when his bike falls to the front and he is about to fall over , while two men watch in amusement .|
8070675236.jpg|0|A black and silver formula one car driven by a racer with a red helmet is going down a racetrack .|
807078665.jpg|0|Two men play in a band , one on electric guitar and the other on drums , on stage in front of a crowd .|
8071166084.jpg|0|Men in a single line facing a neatly placed sets of fruits on a table , all are in a solemn mood with other men in similar mood behind them .|
807129.jpg|0|An older gentleman with a long , white beard , sits along a metal background in the city playing the flute .|
8071401660.jpg|0|Two little blond girls with their hair pulled back in pigtails are holding hands , standing near a horse drawn carriage .|
8074724619.jpg|0|One boy in a blue shirt and jeans on a bicycle jumping over concrete steps in front of a building .|
8076223643.jpg|0|A pensive young man of Indian descent , sitting on the ground resting against a tree , with other people engaged in conversation in the background .|
8077305139.jpg|0|A skateboarder getting ready to perform on a half-tube rink where there are trees in the background .|
8081167161.jpg|0|Three children , two boys and one girl , are standing behind bars with their mouths open like they are screaming .|
8081605083.jpg|0|Two baseball players in white and blue striped uniforms hug while another player exits the field and a coach approaches them .|
8081616464.jpg|0|Congrats to the baseball player who is being hugged as other teammates approach from the right and from the left .|
8081646730.jpg|0|A baseball player in a white uniform with dark stripes is partially on the ground , poised to catch a ball in his left hand as the ball quickly approaches .|
8081695451.jpg|0|A baseball field with two males , one african american male who is sliding into the base while the white male jumps on him to tag him with the ball , as an umpire in black looks on .|
808245064.jpg|0|A man in a blue shirt is standing outside smoking a cigarette .|
8083076280.jpg|0|Three men are playing soccer , two of them in blue uniforms and the other in a bright green uniform .|
80835424.jpg|0|Four people look over a scenic vista , while the woman in the group with a green hat talks to her friend on the left .|
8083569299.jpg|0|During a rugby match , a player in black is on the ground on his back , while two opposing players in white are hunched over him trying to take the ball and other players are rushing to assist .|
8083702960.jpg|0|Six hockey players , three with blue and white uniforms and three from a team with yellow and black uniforms , and a man in a referee outfit standing on the ice in an ice rink .|
8083805102.jpg|0|Man sitting on entry steps , legs crossed at the ankles , in front of a aged stone structure with what appears to be a small stone alter to his upper right .|
8084675052.jpg|0|A boy dressed in jeans and a blue sweatshirt and a girl dressed in pink are hiking on a path through the woods .|
8084763287.jpg|0|Two older men and a bunch of kids stepping military style in a mock battle engagement .|
8085448157.jpg|0|Two women ordained in luxurious gold traditional outfits smile and dance .|
8086028861.jpg|0|A girl in a blue dress stands on a wooden plank that 's affixed to a tree , staring downward while maintaining her balance .|
8086165175.jpg|0|A woman sits on a bench in an art museum or church under a large religious painting .|
8086991999.jpg|0|Man wearing a red t-shirt and black skinny jeans sailing through the air , through some trees , with a stunt bike .|
8087311342.jpg|0|A young barefoot boy is sitting on the earth while holding a large rattan pole .|
8088028369.jpg|0|A bald man with a beard is playing a saxophone in a dimly-lit room , with pictures on the wall behind him .|
808877347.jpg|0|Several people are camping out on blankets along a yellow-fenced in area .|
8088804992.jpg|0|A young woman in a red top and sunglasses runs through a wooded area .|
8088990803.jpg|0|A small girl wearing a purple jacket sitting in the grass next to a doll in a nearly identical outfit .|
8089660385.jpg|0|A man wearing a black and white checkered clown-like top with white makeup covering part of his face has grabbed someone 's hand .|
8089662430.jpg|0|A man dressed in a clown 's robe applies makeup in natural sunlight outside of a building .|
8089664348.jpg|0|A woman attired in a formal blue police or military uniform , holding a flagpole , is sitting astride a horse .|
8091220380.jpg|0|Two belly dancers perform with each other in the streets while passersby look on and watch the display .|
8091409663.jpg|0|A skier , flying through the air , grabs the bottom of his right ski as he looks onward to his landing .|
8091582289.jpg|0|A number of young adults in white shirts and shirts jog down a street .|
8091740382.jpg|0|A man wearing black pants and jacket standing in the middle of a crowded street holding a sign about God .|
8093540865.jpg|0|Performers dressed in Native American Indian feathered costumes dance in front of audience located by Museumsbutikken sign .|
8094210961.jpg|0|Fast fingers fly upon the lively keys belonging to this true to sound Yamaha keyboard .|
8094557250.jpg|0|A middle-aged woman on vacation looking out over the ocean while her traveling companion snaps a photo .|
8095244723.jpg|0|Two People , one in a white swimming cap and black goggles , are swimming in a pool beside each other .|
8095826683.jpg|0|Three young musician in a band performing by female singing and two males playing guitars .|
8099697706.jpg|0|A person in white carries a tray of food on a beach .|
8101964841.jpg|0|Someone is hang gliding or parachuting down by a large body of water with green hills all around .|
8104747602.jpg|0|A group of people , some holding umbrellas , having a good time at an entertainment venue .|
810790771.jpg|0|"A young woman wearing white shorts , black knee socks and a white shirt with the word "" Legacy "" on it is playing softball ."|
8107925709.jpg|0|A group of bicyclists riding down a city road with skyscrapers behind them .|
8108431336.jpg|0|A biker is riding around a field , dressed in uniform with his helmet and goggles on , and mud on his legs .|
8108431722.jpg|0|"a man in green carries his bike in front of a stone building and sign hanging on a fence saying "" Rouleur , www.rouleur.cc """|
81091373.jpg|0|A pilot wearing a light blue shirt , dark pants and tie is standing in front of a plane , smiling .|
8109932996.jpg|0|Hippie jam band guitarist rocks out with keytar player in background .|
8110271708.jpg|0|A soccer game with 5 guys in the picture but three of them are about to commence in a three way kick .|
81110653.jpg|0|Two children , an older boy and a younger girl , are walking down a sidewalk wearing their winter coats .|
8111204604.jpg|0|Young women in sports uniforms , short-sleeved shirts and shorts , compete on a green field .|
8111420340.jpg|0|Two wrestlers competing on a mat in front of a crowd of onlookers .|
8112171798.jpg|0|A young man flies through the air in a no hands stunt on a bike .|
81125088.jpg|0|A very young child dressed entirely in red squats in the back of a truck with a good amount of debris in it .|
8112722587.jpg|0|A man in blue tennis shorts and a white polo shirt braces to hit the tennis ball .|
8112734986.jpg|0|A tennis player in blue shorts and a white shirt making an aggressive backhand swing towards the tennis ball .|
8113418940.jpg|0|Man wearing a plaid shirt and jumping on a trail on a bike .|
81147693.jpg|0|"A woman in a pink coat stands in the snow beside a "" telephone booth "" , smiling as she holds a small shovel ."|
8116539330.jpg|0|Two Indian children in formal costume happily performing a ritual dance .|
811662356.jpg|0|A toddler in a white t-shirt is touching the wooden fence .|
811663364.jpg|0|Little girl in pink bathing suit jumping through a sprinkler toy outside .|
8117746605.jpg|0|Shane Battier and Davonik Nastavowich communicate and try to crack a smile before the up coming game against their rivals Miami Heat in the 2011 NBA Championship Game .|
8118468147.jpg|0|A man wearing a red and blue shirt rides a motorcycle pulling a trailer-load of equipment .|
8118985445.jpg|0|An elderly man steps on the pedal as if to mount a bicycle in a city scene .|
8119830947.jpg|0|Four gentlemen , two in shorts and two in pants are walking along the left side of the street , while a buggy or carriage is parked on the right side of the street with a cat lounging in the lower compartment .|
812196663.jpg|0|A black boy and white boy in swimming trunks are hugging each other on a beach or lake .|
81227595.jpg|0|Five people playing a board game on a table filled with snacks and candles sitting in a corner of a room with book shelves behind them .|
8123899001.jpg|0|This is a guy with brown hair and a white shirt performing while playing his drum|
8125199349.jpg|0|A little boy , about 6 years old , is playing with a cat in a path surrounded by trees .|
8126936141.jpg|0|Two members of a volleyball team jump up in an attempt to block the ball that was just hit by the opposing team 's player .|
8127485677.jpg|0|The two girls on a field are running and just about to get to the soccer ball to kick it while another girl is running in their direction from behind as fans are watching it all from the stands .|
8128592454.jpg|0|A hockey game where two players are going after the puck as a referee looks on .|
812909024.jpg|0|A little girl still in the carrier that a parent would put on them .|
8131954252.jpg|0|A woman in black bicycle gear and a white helmet pedals hard uphill on her bike .|
8132535710.jpg|0|At a men 's basketball game , number 55 , in white and yellow , tries desperately to prevent number ten , in black and gray , from making a shot while the rest of the players watch frozen on the court .|
8133150444.jpg|0|Two girls and a little boy standing next to a blue pole while one girl in a red shirt fixes the girl in the gray shirts necklace .|
8134819890.jpg|0|A man is holding a hammer in his left hand over a chisel held in his right hand .|
8136850076.jpg|0|A man catching a wave on a surfboard being observed or photographed by others from the shore .|
81370406.jpg|0|A blond woman with a white tank top and white pants is holding a receipt while standing in a lobby with doors behind her .|
8137819284.jpg|0|An unfortunate accident occurred at a racetrack , where a horse stumbled and fell to the ground , taking the jockey down as well .|
8138745455.jpg|0|3 Asian men are playing a game of Mahjong at a table in front of a building with advertisements on it .|
8139524366.jpg|0|There are four men on a stage in various different stages of jumping ; the ones that are moving are blurry .|
8140263558.jpg|0|Two water polo competitors gasp for breath as the ball splashes next to them .|
8140285876.jpg|0|A woman wearing blue and a black and white skirt photographs a woman standing against a wall with a bubble pattern .|
8141029294.jpg|0|A lady in a skirt is carrying two bags out onto the water and a dog is following her .|
8142325771.jpg|0|A man dressed in a clown costume and a young girl wearing a bright pink coat , are walking along a sidewalk at nighttime .|
8142543165.jpg|0|Three dark-skinned men are handling lime green netting in a tight-packed series of wooden boats .|
8143343377.jpg|0|Two men , one playing the violin and the other playing the drums .|
8144714172.jpg|0|One man clapping , another man taking a photograph , and several spectators fill this scene .|
8144894905.jpg|0|Two guys are wrestling on a mat , with one in a blue uniform , and the other in maroon .|
8146024600.jpg|0|a little girl holding 2 cages one of them is being held closeup to the camera she appears to be at the entrance of a store .|
8146089465.jpg|0|Two brunette women in a modern dance pose on a dark black stage while wearing matching outfits of a white camisole and black capri pants .|
8146641506.jpg|0|A lone , white-haired man stands observing an array of pictures and statues in front of him .|
8151603778.jpg|0|A man who is wearing team attire races on his bike on a road as the background is blurry .|
8154438289.jpg|0|A girl standing among a crowd gathered outdoors with the flag of Western Sahara and a white banner with inscription in the background .|
8154663567.jpg|0|A marathon runner wearing a numbered bib is running up a two lane street , trailed by a car and motorcycles as spectators holding umbrellas look on .|
8154670501.jpg|0|Two men , one in red and one in black , compete in a marathon followed by a motorcyclists and a third competitor .|
8154705592.jpg|0|A wall half covered in ivy along with an older two story house line a wet road , the only person on the road is a black wearing a red tank top , black shorts , and light blue sneakers , he 's running a race and sports the number 5003 .|
8154861953.jpg|0|A mountain biker braves the mud as he heads towards the finish line .|
8154926258.jpg|0|Two race horses run down the track with number four ahead of number five .|
8155411493.jpg|0|A fun , well-lit shot of a house party with three people dancing with glowing wristbands and light sticks , and four others talking in the background .|
8155650726.jpg|0|A man pulls two pumpkin pies from a stove in a clean , modern kitchen .|
8155663151.jpg|0|A man in a green hat and white graphic tee stands near a woman in a black shirt with a scarf and watches a woman in a gray shirt dance .|
8155761670.jpg|0|Several young adults dressed in appropriate clothing are having a good time at a party .|
8156336385.jpg|0|A man dressed in pink and white performing with his female partner dressed in pink in a dancing contest|
8156520592.jpg|0|A group of four enjoy the blue water on their jet skis .|
8158019748.jpg|0|A candid photo of a woman wearing a pink coronet and gold trimmed pink dress , standing in what looks to be a reception or conference room .|
815909075.jpg|0|There are two wrestlers , one with a red helmet and another with a black helmet , are having their fight broken up by a referee .|
8159651473.jpg|0|Photo is of a female bicyclist ( , 9 ) as she rides a red bicycle down a street lined with caution cones .|
8159685070.jpg|0|A large group of competing cyclists are cycling down a road lined with trees .|
8159685316.jpg|0|A group of woman from various ethnic backgrounds are competing in a marathon .|
816084977.jpg|0|A child and dog are shown silohuetted in afternoon sun in front of a lake or pond .|
8161339447.jpg|0|A woman with a plaid shirt drumming in a dark room with two guitarists .|
816149457.jpg|0|A blond girl in a white dress laughs as a young man holds her arm in the air .|
816205570.jpg|0|A person spins a sparkler around at night and sparks fly through the air and across the ground .|
8162775105.jpg|0|A woman on stage lit from behind standing in front of a microphone wearing a gray top and black pants with a red , white , and blue flag wrapped part way around the lower half of her body|
8162827459.jpg|0|A young woman running down the road working out during a cold but sunny day .|
8163697265.jpg|0|A man wearing red swim trunks and a red swimming cap is diving off a cliff .|
81641.jpg|0|A man does acrobatics outside of a middle eastern style building .|
816898146.jpg|0|A groom and his wife kiss while posing for photos .|
8169402416.jpg|0|Two performers , one man playing a guitar , and one woman with a mic raised to her mouth are sitting on chairs performing .|
816981408.jpg|0|A newlywed couple is cutting a cake and the bride has a huge smile on her face .|
8169920396.jpg|0|A man in a denim shirt is turning a Fender Telecaster with lights behind him .|
8170352192.jpg|0|A man in a park is leaning on a bar looking , towards the camera while a boy in the background is leaning over a bar , and a lady with a bag is reaching towards a girl .|
8170441792.jpg|0|A person in a blue shirt and gray pants is doing a ballet pose against a tree in a park .|
81707157.jpg|0|A giant sand seesaw on the beach , with a girl on the high end , with her hair flying all around .|
8170798749.jpg|0|A person wearing a blue shirt attempts to catch a wave while surfing .|
8170813639.jpg|0|Two women are walking on the beach with surfboards in hand with people and palm trees in the background .|
817111819.jpg|0|An older male runner going through a grassy field with competitor number 39 .|
8171835256.jpg|0|Four men with a display table set up on top of boulders and rocks displaying stone plates and other sculptures .|
8172074137.jpg|0|A young boy playing soccer is hit in the head by the ball , and three other players race toward him while a crowd looks on .|
8173029395.jpg|0|A standing audience of revelers watches the performance of a musical act in a small indoor venue .|
8173213463.jpg|0|A man trying to stand in his motorcycle as he attempts for an incredible trick .|
8174939463.jpg|0|Two young caucasian brunette girls sitting outside on a park bench talking and looking at their cellphones on a seemingly warm afternoon .|
8176288175.jpg|0|Two teams playing football and the player wearing number 12 is running with the ball trying to evade the tacklers .|
817654759.jpg|0|A marathon runner with a red and white shirt and black and white pants .|
8177393638.jpg|0|A young man with brown hair wearing shorts and t-shirt walking down a street while holding a backpack .|
8178147905.jpg|0|A young girl with glasses and black necklace is blowing smoke in front of the camera .|
8178657114.jpg|0|three guys are on the beach and one is doing some kind of move where is body is off the ground .|
81788174.jpg|0|A fat old man rests his chin on his belly in a curved station bench .|
8179137875.jpg|0|A teenage girls with long brown hair and glasses who is wearing three necklaces sits and looks at some smoke|
8179353896.jpg|0|A man in a purple and blue shirt and shorts is getting ready to hit a golf ball .|
8179518136.jpg|0|Soccer players from opposing teams fight each other to see who will get possession of the soccer ball that is in the air .|
8180138587.jpg|0|Poor family in hut holding children in their arms with one child sitting in blue chair .|
8180474484.jpg|0|A car drives through a muddy area on a dirt track , spraying water and mud everywhere .|
8182074427.jpg|0|A woman with white clothes on is playing basketball and is holding the ball with one of her hands .|
818279377.jpg|0|A woman in a dark blue running outfit runs through a field of purple flowers .|
8183107966.jpg|0|A man talking on his cellphone while holding a cigarette and wearing a blue shirt and navy blue jacket with a car in the background .|
818340833.jpg|0|A furry white dog is carrying a stick in its mouth through the grass .|
8183834568.jpg|0|An old man wearing a black hat , white shirt and black suspenders is sitting and playing a red tambourine wile a trumpet sits in his lap .|
8184925816.jpg|0|The subject is a dark-haired girl playing the oboe and wearing an orange shirt , amongst other young musicians wearing the same type of shirt .|
8186248597.jpg|0|A man wearing a black water-proof garment is making his way through crops that have recently been watered , pulling a box .|
8187910453.jpg|0|A Construction a worker digs in the sandy ground while wearing his red hard hat and orange reflective clothing .|
8188882833.jpg|0|Two men volleyball players in light blue uniforms spiking the ball over the net during a men 's volleyball game .|
8189395281.jpg|0|A roller derby girl in full regalia - black helmet , tank top , pads , and four wheel skates - maintains her balance as she races down the track .|
8190802361.jpg|0|Four boys , one on a skateboard , one on a scooter , and two standing , are at a skate park on a ramp with a scary looking face graffiti on it .|
8192398089.jpg|0|A modern dancer is holding a pose in the foreground and another dancer is in the background .|
8192488887.jpg|0|Three older men and one woman sitting at an outdoor coffee house against the stone wall .|
8194331212.jpg|0|A surf-skier in a red and black wetsuit goes inverted over a wake .|
819526898.jpg|0|A man wearing an orange shirt is running in a field .|
819604884.jpg|0|A young oriental girl with a red bow in her hair holding onto a red rail while riding the train .|
8196866291.jpg|0|A group of kayakers go down a murky river on a cloudy day .|
8198089950.jpg|0|A woman dressed in black leather pants and jacket is speaking into a microphone and raising her right arm in the air .|
8198726446.jpg|0|Four males , two in white uniforms the other two in black uniforms are hovering around the African American male who has just jumped in the air to make his shot with the basketball .|
820169182.jpg|0|Two babies look up while they are playing in a playpen with a lot of balls .|
8204629082.jpg|0|A man is singing on stage wearing a white shirt and a black vest and black pants while holding a guitar .|
8205105666.jpg|0|An older man dressed in all black with what looks like ammunition packed pockets sewn into the top part of his shirt , smirks at onlookers .|
8206921.jpg|0|A woman with red dreadlocks is standing at a work station , wearing a floral shirt and a denim apron .|
8207226893.jpg|0|A group of volleyball players are celebrating what appears to be a victory .|
8208720028.jpg|0|An elderly Indian woman who is missing most of her teeth and holding a yellow flower .|
8209386413.jpg|0|A small child around eight years old sits on top of a rock , overlooking a picturesque forest below him .|
821071719.jpg|0|A man dressed in orange t-shirt is trying to hit a baseball , with a few people looking at them and a keeper behind trying to catch the ball .|
8211471228.jpg|0|A basketball player approaches the net in the air in an attempt to perform a slam dunk over the reach of his opponent .|
8212843678.jpg|0|A biker demonstrates his talents in the air by placing only his left arm on the Bike seat .|
8213661428.jpg|0|A trumpet player in a dark , red lit room , blowing his instrument into a microphone .|
821599220.jpg|0|A man and young girl outfitted for hiking look down from the top of a cliff face .|
821605360.jpg|0|A woman standing on a rock with one of her legs up and her arms up .|
8217001488.jpg|0|An older man with a beard and hat is looking at us while he is holding a stick with his hand .|
82176267.jpg|0|Two women and a man in dressy attire are gathered around a microphone singing .|
8217641081.jpg|0|Young soccer players , wearing blue and white jerseys , walk around while waiting for their turn or play to begin in a soccer match .|
8217718233.jpg|0|Three children playing with a ball , all dressed in a long-sleeve shirt and pants .|
8218123217.jpg|0|in the middle of a football game with the Greenbay quarterback throwing the football .|
8218190928.jpg|0|One football player is trying to tackle another football player who is in mid-stride as a small crowd looks on from the sidelines .|
8218549120.jpg|0|A smiling young woman in a red t-shirt , sitting on a stool playing a guitar in a room with guitars on the wall .|
8219080688.jpg|0|A older mustached gentleman with glasses and a hat strums an electric guitar in front of a blue microphone .|
8220955383.jpg|0|A young , active man wearing a full helmet turning a corner on his mountain bike in the woods .|
8221794333.jpg|0|A young boy in a Cookie Monster t-shirt sits on the ground on a fall day , holding a fallen leaf in his hand as an expression of joy lights up on his face .|
8222206548.jpg|0|A pretty young woman wearing a blue ruffled shirt smelling a pretty red flower .|
8224919377.jpg|0|An Asian girl is writing on paper with orange chalk with other children in the background .|
8227381437.jpg|0|A man in a gray shirt sits with several pairs of shoes around him .|
822836318.jpg|0|The child is in a hole and is wearing a black and orange hat , a jacket , and a glove .|
8231853822.jpg|0|Two young girls are playing large string instruments and intently looking at their music sheets which are being held on music stands .|
8233488463.jpg|0|Picture of high school wrestlers , two ( both male - one white , the other black ) , while one flips the other .|
823425327.jpg|0|Three older women - one in a pale striped jacket , another in a green blouse , and a third wearing a striped shirt and blue jacket - sit at a tiled table , strewn with empty beverage containers and dirty plates , as the women listen to someone speak .|
8234387593.jpg|0|A player in a white and red uniform goes for a layup , while the player with a red and black uniform blocks the attempted shot .|
823498977.jpg|0|An older woman talking to a group of younger women at a tavern .|
8235903055.jpg|0|There is a group of people in blue and black uniforms and black hats with either red or green plumes on a street surrounded by a crowd of people .|
8236263716.jpg|0|Two young boys in blue jackets and helmets are racing their brown horses down a muddy trail .|
823675317.jpg|0|A boy in blue swim trunks carries a blue bucket down a crowded beach .|
823696468.jpg|0|A man in a white shirt with green oven mitts grilling fish on a gas bar-b-que .|
823697026.jpg|0|A man trims off excess salmon , so that it will fit comfortably onto a wooden grill plank .|
823697339.jpg|0|A woman wearing black is standing by a woman with bright red-hair outside a storefront .|
8237132978.jpg|0|A woman running in mud , her foot has splashed in a puddle and is holding something pink .|
8237901726.jpg|0|Several construction workers are insulating a foundation for a future building or other structure .|
8238928026.jpg|0|A little girl dressed in pink on the floor playing with a toy airplane with a cat looking on .|
8239100625.jpg|0|Three skateboarders with helmets look like they are going very fast .|
8239102645.jpg|0|Boys and men , mostly all wearing helmets , hang on to two separate cars while they ride skateboards .|
8240968816.jpg|0|A group of people wearing marathon signs run through a stream .|
824123145.jpg|0|Two elderly women are walking past a younger woman on a public path .|
82414149.jpg|0|A woman is cutting something with scissors .|
8242408919.jpg|0|A large group of young ladies dressed in running shorts at a starting line for a race .|
8243477528.jpg|0|Five boys wearing athletic attire run in the early morning on grass .|
8245313425.jpg|0|Two basketball players on opposing teams , one in white , the other in red , are mid-game , running down the court , white-uniform player with ball-in-hand .|
8245366095.jpg|0|A girl basketball player in a white jersey is in the process of making a move with the ball around an opposing player in a blue jersey .|
8247042603.jpg|0|Surfer performing one of his moves on a nice sunny day with a scene in the background .|
824782868.jpg|0|An Asian girl in a pink dress is smiling whilst out in the countryside .|
8248428448.jpg|0|A soccer team in yellow and black uniforms poses for a picture on the field .|
824923476.jpg|0|A flock of brown and white geese are walking through grass with a black and white dog nearby .|
82506738.jpg|0|Two cars , one black and the other one white , with camping tents behind them and a big mountain and cloudy sky in the background .|
8251170369.jpg|0|Female wearing black shorts standing on street sidewalk awaiting changing of light so that she can cross in the walkway .|
8251604257.jpg|0|A smiling young boy , wearing a green sweatshirt and carrying a small blue net , walks towards the beach on a rocky shoreline .|
825918657.jpg|0|A brown and white dog with a pink Frisbee in its mouth leaps through the air next to a young man in a knit cap .|
826419814.jpg|0|A crowd of people gathered around the exit while a large ship is featured on the TV screen .|
82675922.jpg|0|A group of people is gathered around a table of food with their arms around each other .|
82676249.jpg|0|A man in a blue shirt is telling an exciting story while another man in purple looks on .|
82676766.jpg|0|A smiling man and woman cuddled together while posing for a picture .|
82679822.jpg|0|A caucasian woman in a blue top and black slacks looks off to the side of the camera with a drink in one hand and a amused look upon her face , while a man sits next to her , looking unamused , drink in one hand , straw in the other .|
82679989.jpg|0|A man in a blue shirt is talking to someone unseen while next to him a woman in a pink sweater closes her eyes .|
82680989.jpg|0|A man wearing a blue shirt and a woman holding up four fingers are sitting next to each other in a room with other people and drinks .|
82681058.jpg|0|a man in a leather jacket is looking down at a bunch of bananas and a light made out of a can .|
826919541.jpg|0|Three people are splashing in a natural body of water such as a lake or pond .|
827941668.jpg|0|A person is standing in water with it splashing all around them while another person lingers in the background .|
82945847.jpg|0|Three sisters , barefoot in pink dresses and who range in age from preschool to teenager are pictured on a beach as they look out at the Ocean .|
829798661.jpg|0|A young boy is either jumping on a trampoline or skateboarding and he is serious about it on a beautiful summer day .|
83001714.jpg|0|Children on a city street are playing tug-of-war wile others look on .|
830745339.jpg|0|A man in a green shirt is sitting at a table eating rice and meat .|
831025550.jpg|0|A young girl in a bathing suit and goggles with a cast on her lower arm is diving off a starter block into a swimming pool with lane lines .|
831655324.jpg|0|"An Asian man wearing a graphic T-shirt that says "" Music is the weapon of the future "" and an Asian woman in a gray hoodie with hoop earrings sit on a bench and eat a meal of noodles and shrimp from styrofoam plates"|
83191345.jpg|0|Four men , seated inside a plain room on benches and dressed in military fatigues are conversing , one man wears a white YWCA t-shirt .|
832128857.jpg|0|A red-haired little boy smiles while swinging .|
83292701.jpg|0|Two children wearing striped sweaters and black pants tussle outdoors near a play set .|
833319080.jpg|0|During a baseball game , a batter bearing the number 13 on his uniform prepares to swing his bat in front of a crowd of spectators .|
83334342.jpg|0|A young woman in a turquoise , green and white bikini is attempting to hit a volleyball as several onlookers watch .|
833459429.jpg|0|a girl in a yellow floral dress is barbecuing .|
83434923.jpg|0|A man is using a spatula while cooking over a steaming grill or flat top .|
83440865.jpg|0|A person in a white jumpsuit is using a hose to wash down a tiled floor .|
83457315.jpg|0|A man , wearing a blue sweater and gray coat , lifts the top off one of a row of cooking platters outside a shop .|
83482568.jpg|0|Female fire dancer performing in the middle of a city street with a crowd watching .|
83493458.jpg|0|A boy is pushing an object with a handle while wearing sunglasses by a building with a blue and white striped awning .|
835415474.jpg|0|A small child is hanging upside down from an adult 's shoulder .|
835606668.jpg|0|Two little girls dance barefoot in the park near other people and a large black blow up balloon .|
83575794.jpg|0|A skier in a brown coat rises in the air with a background of snow-covered trees .|
836768303.jpg|0|A small blond boy and another small child are inside a cushion doghouse with a brown dog .|
836828001.jpg|0|A child in the bathtub with water coming out of his mouth .|
83701972.jpg|0|A happy woman and her son enjoying a moment together on a cool day at the rock shoreline of a lake .|
83755390.jpg|0|Two young men hanging out in their apartment .|
8378599.jpg|0|A boy dressed in a blue coat skateboards down a street lined with parked cars .|
837893113.jpg|0|A young boy tries to catch an orange and yellow Frisbee in a green , grassy field .|
837919879.jpg|0|Two men wearing jeans and sunglasses are playing horseshoes .|
838074897.jpg|0|The girl is wearing a white shirt and red pants , and jumps through water .|
839295615.jpg|0|A person in brown and two older cars in front of a white building .|
840202638.jpg|0|A skateboarder in a red shirt and baseball cap is headed down a paved hill .|
8404753.jpg|0|Two men stand together as one wearing a suit watches the other tie on a yellow tie while making a face .|
841397013.jpg|0|A boy in a white shirt is making a face while the his peer and him are working on schoolwork .|
842263436.jpg|0|A group of students in a classroom , learning a lesson on geography from their teacher , dressed in a green shirt .|
84291062.jpg|0|Two people are working out in a gym , one is on the treadmill and the other is doing a workout for his arms .|
842960985.jpg|0|A man in a tan trench coat and blue jeans walks with a black umbrella open over his head .|
842961005.jpg|0|A woman in heels , black skirt and white shirt , holds her blue umbrella over her head while walking on a sidewalk near a parking meter .|
843218288.jpg|0|Several people , including a man in a pink and black striped shirt who is taking a picture of something off-camera , are in a city park .|
843616798.jpg|0|A black and white dog is herding a group of sheep on a dusty road .|
843843809.jpg|0|A boy plays with a soccer ball under a clothesline in an alley .|
844258711.jpg|0|A young child stands in the street of a downtrodden neighborhood , while another person walks in his direction .|
8443156.jpg|0|A child dressed in blue jeans with rolled cuffs and a pink hoodie waits outdoors at the foot of the stairs with an axe .|
845047334.jpg|0|Along side a red brick building , two men in summer clothes are on a scaffold doing a window or door repair .|
84507882.jpg|0|Two boys in the sand are standing near a structure with yellow railings .|
84509412.jpg|0|A little boy in an orange sweater and sunglasses plays at the beach .|
84509831.jpg|0|Young boy dressed in long pants and a plaid shirt is holding a shovel near the ocean .|
84514007.jpg|0|A person is standing at the top of a large , rolling sand dune .|
8454235.jpg|0|Several people work at circular fabric dye pools .|
845623658.jpg|0|A barefoot man is performing a roundhouse kick on a punching bag with others in the background watching him .|
845940422.jpg|0|A child with two dolls being handed to an older man with military members surrounding the pair .|
846070499.jpg|0|A woman in black shoes with pink laces , jeans , and a gray jacket talks with a man wearing black jeans and a shirt and holding a white bag over his shoulder .|
846085364.jpg|0|A young child dressed in snowpants and blue hat tentatively steps on snow-covered ice .|
846516819.jpg|0|A man wearing sunglasses , white shirt , and a smile plays the drums .|
84713990.jpg|0|A group of people paddle their blue inflatable raft down the rapids .|
847782643.jpg|0|Two children re laying on a rug with some wooden bricks laid out in a square between them .|
848007330.jpg|0|Men at work setting up a crane on a highway construction site .|
848180689.jpg|0|a woman and a little girl are playing with a ball in the pool underneath some water chutes .|
84819693.jpg|0|A man in a coconut palm tree smiles down and seems to offer a coconut to the person taking the picture .|
84824317.jpg|0|A muscular man sitting on the ground cutting fruit in half with a machete .|
848293676.jpg|0|A boy in red shorts is jumping into a swimming pool with a red chair beside it .|
84864687.jpg|0|A balding man with a checkered shirt and khaki pants naps on his recliner with his keys on his lap .|
84927810.jpg|0|A dark-skinned male with dark hair stands outside of a building with a display of sunglasses in one hand and one hand above his head .|
84962837.jpg|0|A man with brown hair and glasses wearing a dark overcoat , suit and tie reading a newspaper on the subway or train .|
85014310.jpg|0|Jewish wedding picture of the bride and groom with their guest .|
85139806.jpg|0|An overweight woman in a bright yellow shirt holding a paper walking with an overweight male in a burgundy t-shirt and plaid shorts .|
851566221.jpg|0|A woman with a blond ponytail and a white hat is riding a white horse , inside a fence with a horned cow .|
852427632.jpg|0|A woman in a cowboy hat holding a rope and riding a horse chases down a calf as part of a rodeo .|
852469220.jpg|0|A black and white dog is swimming through some water .|
85306246.jpg|0|A man with facial hair works on some sort of stone sculpture .|
85306247.jpg|0|Man in a hood fingers are covered in clay as he works on piece of pottery .|
85306249.jpg|0|A ma with white shoes , and a blue shirt looking at something to his left .|
85306254.jpg|0|A man wearing an orange shirt with tans shorts and a baseball cap is bent over in a small pit , scooping up pale mud with his hands .|
85318252.jpg|0|A woman selling bamboo sticks or brooms talking to two men on a loading dock .|
85318261.jpg|0|An older male in a plaid shirt working on making an object .|
85326165.jpg|0|A young man in blue shorts using a machete to open coconuts .|
854333409.jpg|0|The dog on the right has a red object in his mouth , and the other dog has biting it .|
854623746.jpg|0|Several individuals getting together to play the bagpipes and eat some cuisine .|
854749.jpg|0|A man wearing a black shirt and gray pants is in a large grocery store pushing a shopping basket in front of a candy isle .|
854848076.jpg|0|A man standing behind DJ equipment that sits on a table covered in a white cloth .|
85519095.jpg|0|A young boy , dressed in a gray and blue baseball uniform , preparing to hit the ball off of the t-ball stand while onlookers watch from behind a chain link fence .|
855430954.jpg|0|A man wearing a colorful shirt is sitting with a plastic bucket on a wooden raft-type structure in brownish water with a canoe nearby , very close to the shore which is covered with greenery .|
85574732.jpg|0|A young boy in a yellow , insulated coat imitates an adult , who is using a broom to sweep the paving stones near an open storage unit on a festive Chinatown sidewalk .|
85600252.jpg|0|Two men talking to an older lady ( one with a red hat and black shirt and the other with a brown jacket .|
85676478.jpg|0|A smiling man wearing a black shirt is standing in a room with a television and a table with food and a vase of flowers on top of it .|
856985136.jpg|0|A woman in capri jeans crouches on the edge of a fountain with her left foot kicked out to touch the falling water .|
85707684.jpg|0|A man in a plaid jacket is cutting fabric with several colorful strands of fabric behind him .|
85707689.jpg|0|A man in a red hat balances himself on a rooftop among the slums .|
857914283.jpg|0|Two little blond boys play on a bed in a room with wood paneling .|
858747984.jpg|0|Two boys climbing down a rock with an older blond man talking to more people at the top of the rock .|
859620561.jpg|0|A dog leaps high in the air to catch a toy over the green grass .|
860060733.jpg|0|An asian street craftsman fashions items for sale .|
8601145.jpg|0|A man without a shirt is standing next to two other men in front of a large boat .|
860271719.jpg|0|farmers are performing their agriculture during the day .|
860526919.jpg|0|A zoo worker is inside an exhibit , playing with a tiger that is climbing up a tree .|
860840598.jpg|0|A young boy dressed in black and green is laying down in a tent outside with items surrounding him .|
860928274.jpg|0|A smiling boy plays inside an inflatable yellow and white toy .|
86109322.jpg|0|There is 3 people standing and one of the women with a scarf around her neck and a black shirt on , is holding a blue cup .|
86109631.jpg|0|A woman in red leans her head on the shoulder of the woman next to her .|
86112634.jpg|0|A large man smiles as he reaches past a display counter with jewelry in it , pointing at something , while his younger , dark-haired friend looks on smiling .|
86112682.jpg|0|A man prepares food at an outdoor event before a table spread with multiple fresh vegetables .|
86112730.jpg|0|A chef standing behind a large pan of pepperoni pizza with one-fourths of the pizza missing .|
86112808.jpg|0|a woman is at a table offering palm readings and tarot readings|
86112875.jpg|0|A woman with a hair bun appears to be making cigars next to another woman .|
86112925.jpg|0|A woman in a patterned shirt hands a plate of food to another woman in an apron , while two women work in the background .|
86112958.jpg|0|A family poses for a photograph outside a shopping center with a character dressed up as SpongeBob SquarePants .|
86120374.jpg|0|A tanned man with white hair wearing plastic gloves making cotton candy in front of a small fair with parents and children .|
86120427.jpg|0|People passing through an open market , while an older woman leans in front of a chilled bin on=f seafood .|
86120479.jpg|0|A worker in a blue shirt and white hard hat is climbing a scaffolding .|
86120569.jpg|0|A white wedding style cake topped with white roses sits atop a stainless steel table while a man decorates an egg shaped cake with a scroll pattern in the background .|
86120657.jpg|0|A bearded man , thumbs on straps of waterproof orange bib overalls , stands in front of a grocery cooler full of fish .|
86120682.jpg|0|A lady wearing a navy blue stripe tank top cargo pants has a yellow glow of on her left hand holding a long stick getting ready to burn glass in front of an incinerator|
86120741.jpg|0|A woman is holding a microphone toward another woman who is part of a group of people on the street .|
86120813.jpg|0|A man in overalls , a hat , and gloves holds on to the handlebars of a large machine .|
86120845.jpg|0|six men are sitting or laying on a patch of earth in a wooded area .|
86120876.jpg|0|A man wearing a blue shirt , blue cap , and jeans is washing a window while hanging from a rope .|
86120978.jpg|0|A gentlemen in a burgundy long-sleeve shirt is at a fruit stand selling watermelon .|
86124605.jpg|0|An asian lady in a brown shirt with glasses is making some food .|
86127083.jpg|0|A man is going through his scrap book and admiring the mementos from his travels to China .|
86131617.jpg|0|A large billboard of a woman wearing a white shirt and lavender cami is being hung by 2 people in mechanical lift and one man standing on the ledge behind the billboard .|
86131989.jpg|0|Group of Police officers in uniform standing in a parking lot , smiling and talking .|
86132021.jpg|0|A man wearing only a hat , boots , and underwear is walking the sidewalk with a guitar strapped around his shoulder .|
861608773.jpg|0|A dog running at a park , with a park bench in the background .|
861661418.jpg|0|A dog with big ears is holding a small stick in its mouth .|
861795382.jpg|0|a boy in a blue t-shirt is taking an orange bicycle over a jump in the street .|
86198383.jpg|0|A person is scrubbing a toilet while wearing a gas mask , and oddly no gloves .|
862054277.jpg|0|A little girl in a swimsuit and braids is in front of the water , in the grass , with her arms crossed in front of her chest|
862156271.jpg|0|Two women , one with a head bandanna , are standing next to each other while one holds a bottle .|
862177617.jpg|0|A person with blue hair , a baseball cap , and a hood on stands outdoors in a crowd .|
862187579.jpg|0|A man with sunglasses standing by a white and red building with a very blue sky above .|
862511637.jpg|0|Two men , one wearing a yellow shirt and one wearing a red shirt , being pulled by horses .|
862560775.jpg|0|A man in a yellow jacket with the number twelve on his back uses a rod to pull a horse , as people behind a Bud Light sign watch .|
86256551.jpg|0|An Asian man is cooking in a restaurant with several large pieces of roasted meat hanging in the background .|
862683343.jpg|0|A rodeo rider tries to stay on a bull while another man runs toward him and several spectators watch from behind a gate .|
86288449.jpg|0|A white woman standing in a grocery store , not-so-candidly posing for the camera while examining the items on a shelf .|
86289690.jpg|0|Four children sitting in red chairs staring intently on whats in front of them .|
86289696.jpg|0|Two young men sitting at the end of a long table eating ; there are 3 plates full of food , two glasses with a yellow colored drink and a small orange case on the table .|
86289724.jpg|0|A group of young people huddle together near a vending machine .|
863036078.jpg|0|A man in a yellow shirt walking down the street with a bag in his hands .|
86341446.jpg|0|Many people are standing or riding a bicycle as Christmas trees and some Nescafe carts are sitting on a street .|
86343902.jpg|0|Two women are sitting on a cement street with a large display of fresh vegetables .|
86350713.jpg|0|There is lady with the white apron has an utensil standing over a wok , a man in blue shorts and blue shirt sitting down , a person in a pink shirt and others are in the background all in one place .|
863901193.jpg|0|A worker is on their hands and knees at a work site by a white fence .|
863902615.jpg|0|A man sleeping on his folded arms while sitting at a wooden table on a wooden chair .|
86412576.jpg|0|A man carrying many woven baskets next to a man carrying a stack of rugs on his back .|
864290968.jpg|0|The man with the beard is sitting in a bus staring forward .|
864546649.jpg|0|12 family photos on a shelf with a yellow , red , green , and purple flower wreath in front of it .|
864827397.jpg|0|A lady getting ready to swing a tennis racket while onlookers watch the tennis match .|
86486817.jpg|0|A man is vacuuming the rug in a child 's room while a toddler does the same with his toy .|
86497011.jpg|0|A young boy is beginning to shoot a basketball as a crowd watches the basketball court .|
865004756.jpg|0|Here is a picture of Nigerians playing tug-of-war with an audience watching them from their village .|
86542183.jpg|0|Two children are playing ice hockey on frozen ground outside .|
86549526.jpg|0|A man who looks like Andy Dick is talking to a man in a hall with a man with a splotch of primary-color red on his hair .|
865573132.jpg|0|A young blond girl and a woman are looking at animals with white fur .|
865789346.jpg|0|Two children in shorts riding their bikes on a trail next to a lake .|
8664920.jpg|0|A closeup of a man 's hand filling up a tin or silver cup with some sort of liquid .|
8664922.jpg|0|A married man wearing a watch that appears to be about 7 o'clock is pouring cream into a coffee type beverage in a blue and white cup .|
866841633.jpg|0|A person paddles a boat while another has fallen into the water .|
867204263.jpg|0|Grandpa is demonstrating how the big yellow drill works so the boy will know how to handle the orange toy drill .|
86729182.jpg|0|A young oriental girl and another person are watching a young toddler dressed in a pink sweater and white knit cap .|
86734276.jpg|0|A female teacher with three students at her side , work on the chalkboard in front of a class of students .|
867599993.jpg|0|A female singer with orange tights jumping with her drummer behind her .|
86800579.jpg|0|A brown-haired man is sitting in front of a sewing machine looking down .|
8680922.jpg|0|An older man in a blue shirt planting seed in pots with potting soil .|
8684718.jpg|0|A man wearing a backpack , a dark hat and a dark sweatshirt is standing in a rocky terrain with a little girl wearing a purple shirt and pants .|
868984478.jpg|0|A young woman wearing shorts and a tank top is sitting on an outdoor swing .|
86901941.jpg|0|This gentleman is working at his bench with the comfort of his cat nearby and a thermos at the ready .|
86987116.jpg|0|A man is standing in front of a bright lamp in an otherwise dark room , and behind him are a ladder and a half-painted wall with some graffiti writing .|
870186901.jpg|0|A bearded man wearing glasses and a colorful velvet hat and vest is tapping a metal shield|
870367466.jpg|0|A woman sitting on a couch holding a guitar while two small children play nearby .|
870386962.jpg|0|A man sits on a light brown couch reading to the child in his lap , while a woman , seated to his right , plays with a younger child .|
870710405.jpg|0|Lady in a pink Tinkerbell jacket stands next to the railing and looks out at the water .|
87119046.jpg|0|A young boy jumps off a bench while an older woman holds his hand and an older man looks on .|
871290646.jpg|0|A man with black hair is wearing a red and yellow shirt and has a yellow clown nose and face makeup on .|
871290666.jpg|0|There is an old man sitting on the edge of a concrete pillar wearing a hat .|
871909953.jpg|0|A man in a white shirt is sitting in front of a large amount of computer equipment .|
872135364.jpg|0|A big gray dog wearing a chain collar has a smaller brown dog pinned down .|
872512911.jpg|0|Large group of people , most setting down on a walkway with two boys standing up holding plates .|
872615435.jpg|0|A teen girl in a green plaid shirt , with a white shirt underneath and jeans is jumping in the air .|
872622575.jpg|0|A young white man is climbing a mountain with a rope as a guide .|
873633312.jpg|0|A child wearing a white , red , and black life jacket was bounced into the air by something big and yellow .|
873650807.jpg|0|Men in hard hats and brightly colored shirts are on scaffolding next to a building .|
873862583.jpg|0|Two women are laughing and smiling while they eat a meal together .|
87388323.jpg|0|A person wearing dark jeans and white t-shirt , with a dark backpack on his back , and a camera in his left with a big lenses jumping off the end of a dock and into the water|
873933926.jpg|0|Man in yellow t-shirt , black denim shorts , black socks and white sneakers , juggling knives in a city park .|
874665322.jpg|0|A brown dog wearing a blue harness jumps over the grassy field .|
874736612.jpg|0|A latina woman holds a blue sno-cone while standing behind various flavor-syrup pumps .|
875731481.jpg|0|Brightly dressed , feather headed wearing women competing on a stage in some sort of pagent .|
8757787.jpg|0|Several people , including a man in a blue shirt wearing latex gloves and holding tongs , stand around a cooking area in which skewered meat is cooking .|
876493846.jpg|0|A woman dressed in a purplish-blue scarf sits between another woman and child with some sort of circular tray or dish in her hand .|
876964091.jpg|0|A woman is sitting on a couch in a log cabin living room .|
87718618.jpg|0|An older gentleman dressed in a flannel , and vest carefully works on his art project with a pencil .|
87761964.jpg|0|Seven people , including a man wearing a black shirt and tan pants , stand on a stepped surface next to a body of water .|
878278559.jpg|0|A man speaking at a couples wedding reception , with another man standing by a table of cupcakes taking of picture of the man speaking .|
878355466.jpg|0|Two females in bikinis are playing table tennis at the beach while another female in a towel watches .|
878758390.jpg|0|The white dog is running along the beach .|
87877338.jpg|0|Two firefighters are standing outside an orange building and talking .|
879043160.jpg|0|People clap as a well dressed man and woman walk through a room holding hands .|
87938334.jpg|0|A little boy in a taupe sweatshirt tries to catch a green balloon above him .|
87940007.jpg|0|A group of children are around a table as a male has a camera in his hands .|
880220939.jpg|0|a group of woman in pink dresses walking across a crosswalk towards a cruisship .|
880663417.jpg|0|A man with a shaved head wearing plain black clothes on a green lawn puts his arm on the back of the lady he is with .|
880663887.jpg|0|In the middle of a crowd , a man in a black t-shirt operates a camera on a tripod , pointing it at the camera .|
88127430.jpg|0|A lady in a bonnet is selecting berries in an outdoor food area .|
881336.jpg|0|They are drinking high caffeinated drinks to sustain energy for their favorite card games .|
881383469.jpg|0|"A man with a mo-hawk haircut , wearing a t-shirt that says "" Detroit Rocks "" is using DJ equipment while two girls are behind him smiling ."|
881443395.jpg|0|A young woman with a surprised look on her face , sits on a chair along the sidewalk and knits an item from a white ball of yarn .|
881725588.jpg|0|In a crowd , two other people finger the fringe of a knit garment hanging on a woman 's shoulder .|
882048099.jpg|0|A woman in a blue bathing suit and straw hat poses in the hot tub overlooking a scenic mountain view .|
88279365.jpg|0|A young girl in a blue jacket and black pants holds out her arm with a small bird in her hand .|
883040210.jpg|0|A climber is sillhouetted against the sky and rocks as he hangs by a rope from another rock .|
8832804.jpg|0|A male in a maroon shirt is using a knife to cut a cake .|
88486769.jpg|0|Two passengers work on writing in their journals while waiting for a plane .|
88486961.jpg|0|A girl underwater in a pool with her eyes closed plugging her nose with one hand .|
88488944.jpg|0|A woman with gray slacks , blue shirt and sneakers is sitting in a chair writing on a pad .|
8849890.jpg|0|Two men are dressed as mariachi musicians while playing their silver trumpets in front of a black car .|
8859482.jpg|0|Three people in blond wigs and black dresses singing into microphones .|
887108308.jpg|0|A woman walks hand-in-hand with a little boy who looks like he 's pulling out a wedgie|
88767910.jpg|0|A man sleeping with a young boy sleeping on his lap .|
8876934.jpg|0|a large group of people inside a building with a stage .|
888244173.jpg|0|People riding down the street including a man wearing a red and white shirt with the number 20 on it .|
888425986.jpg|0|A person is doing a flip in midair near a lake with sails behind him .|
888517718.jpg|0|A brown and black dog is standing on its hind legs trying to catch something .|
889751330.jpg|0|A man with short blond-hair wearing a blue shirt chopping wood .|
890734502.jpg|0|Boy in black swim trunks playing in spray of water .|
89202781.jpg|0|A lady with blue jeans and a brown shirt is speaking on her cellphone on the second floor of the mall .|
892340814.jpg|0|A man in a red shirt climbs a sheer cliff face over the tree tops .|
89245315.jpg|0|Two kids wearing martial arts uniforms sitting on a blue mat with two people in the background performing a stretching exercise .|
89253626.jpg|0|One girl is stretching face down on a blue mat while a boy is behind her at a kickboxing studio .|
892870649.jpg|0|Two people , a woman wearing an orange shirt and a man wearing a blue shirt , are jumping out of swings in midair .|
89332423.jpg|0|An African American man holding a big sword fish on his sailboat .|
89353191.jpg|0|A man on a ladder passes something to another man up to the second story of a building .|
893808757.jpg|0|A man with a light colored shirt is lean against a post , looking at another person that is standing below him .|
89404014.jpg|0|Three firemen in uniform are putting out a fire .|
89407459.jpg|0|The brass section of an orchestra , mostly school-aged , performs a piece .|
894928353.jpg|0|Two young boys and a young girl playing on a gaurd rail .|
894964960.jpg|0|A man with glasses and a long-sleeve green shirt admires a Komodo dragon .|
89505897.jpg|0|A baby in a pink bib is drinking from two cups at the same time , while a woman looks at her .|
895359811.jpg|0|A group of woman are walking the street in different directions .|
895502702.jpg|0|A black and white dog runs on a dry , yellow field of grass .|
897406883.jpg|0|A toddler in a red jacket and jeans pulling another toddler wearing a green hat and jacket and red paints in a red wagon .|
897621891.jpg|0|A little boy underwater in a pool , holding a plastic dinosaur .|
89779839.jpg|0|A woman wearing a black long-sleeve top and blue jeans is kneading bread .|
89787769.jpg|0|A man holds a metal bowl full of some batter in one hand while his other hand appears blurred .|
8990627.jpg|0|A man is on the street in front of 2 windows with red metal on the front of them .|
899079053.jpg|0|On a clear day , an older girl chases a boy along a beach with a forest nearby .|
899810584.jpg|0|A person in red rock climbing , a mountain in the background .|
90011335.jpg|0|A white boat on glassy water with mountains in the background .|
900144365.jpg|0|Marathon runners are racing on a city street , with other people standing around .|
90044984.jpg|0|A man in a brown shirt and jeans leans against a pole in front of Chanel while a man in a cinema security shirt faces the other way near him .|
900557881.jpg|0|A man in a collared shirt and slacks grills on his outdoor barbecue next to a house .|
90093157.jpg|0|An old man in a suit jacket and glasses is standing in front of an adults only establishment painted blue .|
901027462.jpg|0|There are three kids in a field with flowers in the background and the kid with a red shirt and the kid with the blue hat are holding what appears to be bug catching nets .|
90123355.jpg|0|One man playing a red guitar and singing into a microphone has a larger man playing the drums behind him .|
90168112.jpg|0|A young girl is playing on the shore of a beach , she is running away from a wave .|
901763909.jpg|0|Asian school children sitting on each others shoulders .|
9035232.jpg|0|A white man with beard and earring chops onions for dinner in his home kitchen .|
90358839.jpg|0|A man , wearing a black shirt and striped tie , talking on the phone and reviewing paperwork .|
904404695.jpg|0|A man is resting in a small stream with a hat over his head while the little waterfall is pouring in the background .|
905022127.jpg|0|A man in a baseball cap is standing on a rocky beach at sunset with a fishing pole in his hands and the sun setting behind him .|
905355838.jpg|0|A male ballplayer wearing a white and blue uniform playing in front of a large crowd .|
906991263.jpg|0|A tourist walks down the street , camera in hand , trying to find something worthy of a photo .|
908636680.jpg|0|A group of eight campers sit around a fire pit trying to roast marshmallows on their sticks .|
909191414.jpg|0|Children are playing in and around a garden tube in the front yard of a house .|
909808296.jpg|0|Two small dogs , one black-and-white and one brown-and-black , walk down the street .|
91083825.jpg|0|The women wearing a white tank top and a brown hair tie appears to be painting very rapidly in the color green .|
911527312.jpg|0|A young boy wearing red Croc sandals climbs a tree with healthy , green leaves .|
911795495.jpg|0|a young girl with long brown hair holding a black and red striped stick .|
912382266.jpg|0|Two men wearing striped blue polo shirts are sitting at a table in a room with other people and wide windows .|
912402498.jpg|0|A man in a white striped shirt sits at a table with a dark red tablecloth laden with wineglasses and food plates , where many other people are also sitting .|
91251257.jpg|0|A black-haired woman in yellow and orange is doing work near the water .|
91365036.jpg|0|This is a scene of children and adults on a pavilion on a tropical isle .|
915300855.jpg|0|Old guitarist in white clothes performing to an audience .|
916624251.jpg|0|Two men and a woman walking down a small city street , while a crowd of people are walking behind them .|
917574521.jpg|0|Two little girls stand against a wall , one girl has a happy face and the other girl has a sad face .|
91852718.jpg|0|Three formally-dressed people sit around a wooden table eating dessert and drinking from white cups on white saucers .|
918545497.jpg|0|A young man in a gray t-shirt and dark pants is mowing a lawn outside a white clapboard building .|
91875542.jpg|0|An elderly woman with white hair and glasses is next to a window and in front of an open cash register drawer .|
918886676.jpg|0|A tan dog has a drink from water being poured from a spout .|
91972799.jpg|0|A woman in a blue top and pink shorts swims underwater .|
921190481.jpg|0|A child in a baseball park who has just hit a baseball off a tee with a blue bat and is about to run to first base .|
92246314.jpg|0|People are ice-skating and walking across a frozen surface with the Adobe building in the background .|
92289076.jpg|0|A guy in a black jacket and blue jeans holding a large arrangement of roses while walking down the sidewalk .|
923550133.jpg|0|Two girls are sitting outside on the ground in front of a lake .|
92413203.jpg|0|Three people each lead one camel with riders in a silhouetted line across sand dunes and a gray sky .|
92497263.jpg|0|Outdoor street view with a elementary school-age boy in khaki pants and black t-shirt standing on sidewalk next to a wall mural while an adult stoops over an individual sitting on the curb .|
925491651.jpg|0|A white dog is splashing through the water .|
92679312.jpg|0|A young white boy with short hair smiling into a microphone , standing near a slightly balding white male smiling into a microphone .|
9268793.jpg|0|A man with a blue shirt , mustache and glasses is working with lumber on a deck .|
92732320.jpg|0|A snow hut illuminated internally with a figure in a blue snowsuit standing at the entrance , in the background stands what appears to be a snowman .|
927420680.jpg|0|Someone in a light shirt is walking past several large trees overlooking a city .|
929679367.jpg|0|A puppy is playing with a tennis ball on a well-kept path lined with groomed bushes .|
930126921.jpg|0|The man white purple and white polka-dotted shirts is eating and looking to his right while the woman behind him has a confused look on her face .|
930748509.jpg|0|A man in pets a dog on the chest at a park .|
931028778.jpg|0|A group of people stand below black and white patterned decorations .|
931156700.jpg|0|A woman in a pink shirt is holding a hot air balloon with an American flag on it .|
9324151.jpg|0|A man in a black hoodie and blue jeans kneels in the middle of a road .|
93270842.jpg|0|A man who resembles a lone traveler with his suitcase , sits on a park bench and watches a scene full of people behind him .|
93307139.jpg|0|A woman holds her mouth wide open as she is placing a stack of crackers in .|
93311089.jpg|0|A little boy with a shirt , shorts and socks on , standing on the beach .|
933118213.jpg|0|A young boy with a hat on has a fishing pole in hand .|
934028208.jpg|0|A young adult male , wearing shorts , a black shirt and a work apron , makes adjustments to a bicycle .|
93406137.jpg|0|two men clean the side of a gas service station canopy below a blue sky .|
934375844.jpg|0|A cute baby boy is sitting on the bed looking very happy .|
93447586.jpg|0|A gymnast in blue on the balancing beam jumping in the air with a crowd of people wearing mainly orange watching .|
937559727.jpg|0|The fisherman stands in water while looking at something small in his hands .|
938012664.jpg|0|A little girl wearing pink is blowing bubbles with her eyes closed , outdoors .|
938162709.jpg|0|A person is crosscountry skiing through the snow .|
938661426.jpg|0|A british band having a practice at night in their red uniforms .|
93922153.jpg|0|A woman rock climber scales a cliff far above pastures .|
94024624.jpg|0|An oriental woman wearing a hat riding down the street on a bicycle .|
94062798.jpg|0|A woman wearing a hat selling something to an older women with white hair .|
940973925.jpg|0|Two children are climbing on the wall of a white building whilst one child plays with a green ball .|
941641803.jpg|0|A guy in an olive-green sweater and blue jeans is playing with a blond-haired toddler in a yard using toy golf clubs .|
94183012.jpg|0|A machine lifting dirt in front of an apartment building .|
94232465.jpg|0|The woman is ice skating and pulling the little girl in the cart across the ice .|
942399470.jpg|0|A long-bearded man wearing a coat , fur vest , and broad brimmed fur-trimmed hat .|
9426826.jpg|0|A white woman wearing a white shirt sitting and looking at her plate of food .|
942900552.jpg|0|An old Asian woman is standing with her legs tied together .|
944374205.jpg|0|Similarly dressed children are playing soccer in a rocky field in front of a building .|
944424269.jpg|0|Someone in a black dress and a tan colored hat , selling fruit and vegetables on the road .|
94472195.jpg|0|On a rainy day in a crowded area , nine people wait in line at a stand selling pretzels and soft drinks .|
944788251.jpg|0|A boy and a large dog stand on a dock watching another dog swim in the water .|
944860697.jpg|0|"A person is all black is standing inside a truck with the words "" Del Re 's Grinding "" on it and pictures of scissors ."|
945509052.jpg|0|A woman in a black bathing suit is sitting under a purple umbrella on the beach next to the ocean .|
945555443.jpg|0|A young child stands in front of a mirror and has trouble taking off his red jacket .|
946051430.jpg|0|A group of five women and girls in bathing suits jumps into the water with their backs to the camera .|
946102063.jpg|0|A young boy in a yellow t-shirt with a green collar and sleeve edges places a ringed cylindrical object into a pipe fitting .|
947664583.jpg|0|A little girl with inflatable armbands is jumping into the pool|
947969010.jpg|0|A black dog with a brown muzzle next to a body of water , shaking off water with a stick in its mouth .|
948196883.jpg|0|A man is slouched near an ATM while another man is withdrawing money from a different ATM .|
94987177.jpg|0|While a lone guitarist plays in the background , a man wearing a white hat , shorts and hiking boots sits with his water bottle at a small table .|
94989565.jpg|0|A group surrounds an older man in jeans and a leather jacket as he talks in a desert region with mountains in the background .|
95017523.jpg|0|A woman shears a sheep on its back in front of a red-brick wall .|
95021246.jpg|0|A woman is standing over a goat who is lying on the ground .|
95021247.jpg|0|A woman is rolling up a large amount of wool on a tarp that is in front of an animal pen .|
950273886.jpg|0|A man in a red shirt attempts to climb a rock .|
950411653.jpg|0|An adult watches a child somersault into the pool while another child looks on .|
95081415.jpg|0|Man in blue and gray sweater , blue jeans and blue shoes with blue socks , sitting on a white foldable chair , sleeping .|
95081629.jpg|0|A man wearing a tan trench coat and jeans is sitting down and reading a newspaper .|
95151149.jpg|0|A mountainous photo is complete with a blue sky .|
952171414.jpg|0|Two girls and two guys are talking to each other with a bus in the background .|
952262215.jpg|0|A small girl wearing a pink jacket is carrying her luggage with Cinderella on it|
952352291.jpg|0|A blond man with a ponytail and straw hat is walking on a busy road in a city , passing by some plants for sale .|
952389673.jpg|0|Two people are performing outside in front of a large group of people .|
952457689.jpg|0|Several male students trying out for gymnastics hoping to make the team .|
953036866.jpg|0|A small child reaches out to touch some sort of gadget , in front of a colorful wall .|
953120250.jpg|0|Two men in red performance one-piece-suits , performing what looks like gymnastics feats in front of an audience , outside .|
953941506.jpg|0|A Beagle dog is walking on the shoreline at the beach .|
954987350.jpg|0|A woman in a dark pink tank top , has a bag across her shoulder .|
9556225.jpg|0|A woman is working with some kind of messy machinery at a party .|
9556226.jpg|0|A sitting lady has on white gloves and is working with some sort of dirty material .|
956164675.jpg|0|A runner with one green shoe and one white shoe runs uphill .|
957129624.jpg|0|Two men are playing music , one is wearing a black and beige jacket and singing and the other is playing guitar and wearing a t-shirt .|
957230475.jpg|0|A boy licks an older male 's face that 's covered in a blue and yellow creamy substance .|
95728660.jpg|0|A young man bicycles towards the camera and away from beautiful mountains on a clear day .|
95728664.jpg|0|A couple of men sit by a large stone slab with mountains in the background .|
95734035.jpg|0|There are two men riding bicycles outside in the snow covered countryside .|
95734036.jpg|0|Man on bicycle trek high in the mountains .|
95734038.jpg|0|A man rides a bicycle on a rocky path beside a lake in the mountains .|
957585444.jpg|0|Four people are looking at something on the wall in a waiting room .|
95758790.jpg|0|Young boys are hanging out on the sidewalk next to trees , while one boy is exploring the dirt around the tree .|
957682378.jpg|0|A dark black dog is playing with a light brown dog in a backyard .|
95783195.jpg|0|A woman walking across an old rope and driftrood bridge between mountains .|
95795877.jpg|0|A man catching some much needed rest while riding some public transportation .|
958166873.jpg|0|A man wearing a fisherman 's hat , blue jacket , khaki cargo shorts , and hiking shoes is carrying a gray water bottle as he walks down a trail .|
958317706.jpg|0|A person in jeans and a t-shirt is enjoying spending time in a small garden outside .|
958326692.jpg|0|The sun is blazing through the trees onto a green tent in the woods .|
95903273.jpg|0|A team of a man and woman performing water gymnastics , with the man holding the female partner high above his head in an inverted pose .|
9600569.jpg|0|A person wearing jeans and a t-shirt staining handrails on a sunny day .|
960092.jpg|0|A crowd of people stands around a game booth at some kind of fair .|
96022995.jpg|0|A young caucasian boy with blond-hair is holding a green fishing rod while looking at you .|
96051221.jpg|0|In the winter time , many members of the church wear fur coats .|
96056569.jpg|0|There is a man wearing a suit and a woman with her hand on top of his while they cut a piece of dessert .|
96059112.jpg|0|A man in a business suit holds the hand of a young boy as they walk across a lawn .|
96113759.jpg|0|A person , dressed in a white shirt , is sitting in front of a mirror and applying makeup .|
961189263.jpg|0|A child is playing in the muddy water running along a grassy area .|
961220478.jpg|0|Asian sports team in yellow and blue colors sitting on ground with a standing individual in a tiger mascot costume .|
961611340.jpg|0|A little girl in a pink tutu gets ready for ballet dancing , a boy in a Spider-Man shirt behind .|
961664774.jpg|0|A group of people in uniform rehearse a dance routine , while other groups are visible in the background .|
963730324.jpg|0|A kid is pushing a shopping cart behind an adult inside a consumer market .|
9637989.jpg|0|A woman sits outside of a shop while she has some sort of sign on her lap .|
96395587.jpg|0|A man is standing at the front of a conference room with people sitting at rows of tables next to a table with a laptop and projector .|
96399948.jpg|0|A giant inflatable ball , taller than a man , is chased by two men in orange shirts .|
964197865.jpg|0|A blond toddler placing his mouth on the edge of a red plastic toy .|
96420612.jpg|0|A man with a wakeboard is diving over a surface that is not water .|
96421540.jpg|0|Couple of people are standing in a forest looking at something on a man 's shirt .|
964287333.jpg|0|Woman driving in a red convertible with another girl in the passenger seat and a guy in a suit in the backseat , driving past a group of people .|
96461750.jpg|0|A woman lies on a bed with a red , orange , and blue striped comforter crumpled up next to her .|
964871444.jpg|0|Two Pipe-fitters weld a seam joining a large coupling .|
965444691.jpg|0|Ever since his baby girl started coming to the arcade with him , the dad enjoys watching others play his favorite pinball game .|
96669857.jpg|0|A man smiling into the camera while holding a decorative plate and a ink pen|
96692346.jpg|0|Male in a white sweatshirt engaged in what appears to be an intimate interaction with a female in a brown coat .|
966971031.jpg|0|Three girls holding two microphones and one guy in a blue shirt are standing under spotlights .|
967719295.jpg|0|A light colored dog jumping off the back of a boat into the water .|
968081289.jpg|0|Two boys preparing to jump off a pier located on a large body of water .|
96828131.jpg|0|A thin girl , with her eyes closed and her hands touching her head , is wearing a colorful bikini bottom and a red top as she stands beneath a briskly-flowing stream of water coming down from a wet cliff beside her .|
969483211.jpg|0|A baby wearing a pink , yellow and green dress with a ruffled collar is laughing .|
969655512.jpg|0|A boy in a blue hat and shorts is walking through a brick structure .|
96973080.jpg|0|A medium sized brown dog is running through an open white wooded area .|
969779007.jpg|0|The perspective view of a barefooted man in khaki clothing lying horizontally between the pillars of an ornate wall bench , the soles of his soiled bare feet in the foreground .|
96978713.jpg|0|Three people are looking across a rope and wood bridge over a river .|
96985174.jpg|0|A hiker is walking along a path at the foot of some snowcapped mountains .|
970641406.jpg|0|A group of people standing on a balcony in a very modern setting .|
970958470.jpg|0|A young man is hanging from a pull up bar while a uniformed man holds the side pole of the bar .|
97105139.jpg|0|Two men in traditional Arab dress standing near a car wave at an SUV in the desert .|
97131520.jpg|0|While traveling on an religiously and ornately decorated bus , a man in a tan dress shirt looks at the photographer while the other passengers keep their eyes on the road .|
97138308.jpg|0|Swimmers leaps off the starting blocks into their race lanes at an indoor pool .|
97138973.jpg|0|A man with brown hair is all wet wearing a black shirt that someone is helping him with .|
97162852.jpg|0|A dark-haired woman sews a camouflage colored garment on a sidewalk , in front of a graffiti-covered fence .|
97233789.jpg|0|A man , who is wearing the tan coat , is gambling at a casino slot machine .|
97234558.jpg|0|A young girl wades out into the water wearing safety floatation devices on her arms .|
972381743.jpg|0|A girl dressed in black and white with mime makeup stands in the middle of a street with a white umbrella and black top hat in her hand .|
9726060.jpg|0|Young rock wall climbers brave the massive structure with precision and ease .|
973353650.jpg|0|It appears as though an elderly man is sleeping or relaxing on some cool cement squares between two rows of pillars .|
973827791.jpg|0|A child slides into a wading pool full of water while an adult tosses a bucket of water on them .|
97406261.jpg|0|A multicolor cat fighting with a black and brown dog in a red collar .|
974924582.jpg|0|A child is running away from a plastic pool and an adult on a rural setting .|
97495047.jpg|0|A man sits alone with his drink at a long table in a darkened cafe overlooking a busy shopping mall .|
975131015.jpg|0|A boy pets a sleeping tiger while another tiger sleeps behind him .|
97577988.jpg|0|A person in orange climbs a sheer cliff face covered in snow and ice .|
976392326.jpg|0|A young girl and older person are sitting near the top of a rock formation .|
976414321.jpg|0|A man talking on a cellphone smiles while walking in front of a large group of people in the city .|
976581518.jpg|0|A scientist studies a slide in order to work on her new creation .|
976639041.jpg|0|A blond man in an office wearing shorts and a blue button down shirt is reclining in his chair with his feet on the desk and his hands behind his head .|
97731718.jpg|0|The horses pull the carriage , holding people and a dog , through the rain .|
977365989.jpg|0|A small child with light brown hair hugging an older woman .|
97748313.jpg|0|A very proud looking chubby oriental man selling crops on the street with a cigarette on his lips .|
977856234.jpg|0|A hairy dog with a pink shirt running through a field|
977898311.jpg|0|A young man , in baggy jeans and a white t-shirt is using a hammer on a door frame .|
978028673.jpg|0|Boy in a red shirt looking down at something in his hands , with an older man and a boy sitting at a table behind him .|
97825959.jpg|0|A lady in a pink hat is interacting with a lady wearing a tan hat and blue jacket at an event .|
978580450.jpg|0|The small child comes up from underwater .|
979201222.jpg|0|Two girls are walking away from the camera under a walkway .|
979383193.jpg|0|Six children , all with black hair , sit at a table for a picture .|
97971267.jpg|0|man wearing gray jacket watching family at worship .|
980090465.jpg|0|There are many people in a large room with a lot of furniture with tags on them .|
98023274.jpg|0|A young child in red and black winter clothing stands near a stationary train .|
980615147.jpg|0|A young woman in a white top and jeans is holding up a sign along with other people .|
981727078.jpg|0|Two men are using phone-booths that are located shortly outside of the downtown area of a city , by some trees .|
982013557.jpg|0|A woman in a white top and a young girl in a pink top are shown at a meal in an Asian McDonalds , with the woman smiling and gesturing with a finger for the camera .|
98208372.jpg|0|A group of people walk past a lake in the background .|
98235403.jpg|0|Four construction workers , wearing neon vests , stand at a construction site along with some equipment .|
983396629.jpg|0|An older woman with glasses sits at a corner table reading a book inside a shop with olive green walls .|
98377566.jpg|0|Two brown and white dogs lift their ears and look through a fence .|
984092829.jpg|0|two loggers work on removing the bark from a tree in a field of wheat .|
98415168.jpg|0|An officer writing up a ticket in a heavily crowded downtown area .|
98438433.jpg|0|Two mannequins are standing in the window behind a man who is taking a break from playing an instrument .|
98492339.jpg|0|Two men wearing white are performing a martial arts routine with long sticks in front of a crowd .|
984950.jpg|0|A group of men relaxing after a long hard day at work building the set to Ocean 's Eleven .|
985067019.jpg|0|A young boy sliding down an inflatable , is looking off-camera .|
98557260.jpg|0|An Asian couple posing for a picture in a restaurant .|
985982384.jpg|0|Some Women and Men are Sun Tanning , and watching the Ocean Waves , on a Bunch of Rocks .|
986127455.jpg|0|Man walking down the street is wearing a black suit and carrying a small white bag .|
986440271.jpg|0|A young woman in a red flowered dress and a multicolored umbrella is taking a picture of something and there is a large tree in the background .|
987442144.jpg|0|A young couple prepare a salad together in their kitchen .|
98756067.jpg|0|Two men are practicing Karate in a room with white brick walls and is in front of some blacked out windows .|
98756125.jpg|0|An Asian man practices martial arts in a karate outfit , as one hand raises above his head , and another out stretches to the side .|
98773047.jpg|0|People sitting at and walking around out front of a sweets cafe .|
987907964.jpg|0|one brown and white dog chasing a black and white dog through the grass|
98817947.jpg|0|A smiling warehouse worker with a tattoo on his forearm gives the peace sign while surrounded by cardboard boxes .|
98885561.jpg|0|A person is sliding down a slide with a coat , jacket , gloves , and boots on .|
98944492.jpg|0|A man walks on the street with a snow shovel during a snowstorm .|
989754491.jpg|0|A red-haired girl making a peace sign is wearing neon green glasses and floaties and playing in the pool with other kids .|
989851184.jpg|0|A black dog has a dumbbell in his mouth looking at the person wearing blue .|
990890291.jpg|0|Asian man in orange hat is popping a wheelie on his bike .|
991459749.jpg|0|An obese man and two average-sized men sit on a bench with their heads as far back as they will go .|
991459823.jpg|0|A woman in a printed red dress , and brown sandals , standing with another female who 's wearing white summer pants , waiting to use a green port-a-potty along a stretch of concrete road .|
99171998.jpg|0|A group of people sit in the snow overlooking a mountain scene .|
991971859.jpg|0|A gymnast number 046 facing the center of the mat with hands above her head in the shape of a heart .|
99458430.jpg|0|People standing around laughing at a woman sitting on the ground covered in cake .|
9950858.jpg|0|One police officer standing on the street along with three police officers on horseback .|
9950913.jpg|0|A group of people are wearing signs that say on strike while someone is speaking at a booth with the Presidential seal .|
996089206.jpg|0|A older man with a white shirt , golf cap and a cane walks away from an outdoor flower shop .|
996712323.jpg|0|A man laying on the floor as he works on an unfinished wooden chair with a tool on the ground .|
99679241.jpg|0|A gray bird stands majestically on a beach while waves roll in .|
996962407.jpg|0|a man with a wheelbarrow is standing outside a window wearing a silver suit with a cone shaped hat .|
997338199.jpg|0|Woman writing on a pad in room with gold , decorated walls .|
997722733.jpg|0|A person in a red shirt climbing up a rock face covered in assist handles .|
997876722.jpg|0|Two male construction workers are working on a street outside someone 's home|
99804383.jpg|0|An older busker in glasses plays an Eastern string instrument for a young boy in a striped shirt .|
998845445.jpg|0|A man in shorts and a Hawaiian shirt leans over the rail of a pilot boat , with fog and mountains in the background .|
